google.com,john_smith,password,"notes",1730852903.4811776
aol.com,john_smith,1234,"",1730852903.4811776
homedepot.com,john_smith,abcdef,"Need hammers",1730852903.4811776
python.com,john_smith,kitty,"Language",1730852903.4811776
sql.com,john_smith,oranges,"How to do my databases?",1730852903.4811776
canvas.com,john_smith,KU_EDU,"School account",1730852903.4811776
google2.com,john_smith,password,"notes",1730852903.4811776
aol2.com,john_smith,1234,"",1730852903.4811776
homedepot2.com,john_smith,abcdef,"Need hammers",1730852903.4811776
python2.com,john_smith,kitty,"Language",1730852903.4811776
sql2.com,john_smith,oranges,"How to do my databases?",1730852903.4811776
canvas2.com,john_smith,KU_EDU,"School account",1730852903.4811776
